message;severity;node;stamp;topics;location
"rtabmap (45): Rate=1.00s, Limit=0.000s, RTAB-Map=0.0142s, Maps update=0.0002s pub=0.0002s (local map=1, WM=1)";"2";"/rtabmap/rtabmap";"62.636000000";"/map,/rosout,/rtabmap/cloud_ground,/rtabmap/cloud_map,/rtabmap/cloud_obstacles,/rtabmap/global_path,/rtabmap/goal_out,/rtabmap/goal_reached,/rtabmap/grid_prob_map,/rtabmap/info,/rtabmap/labels,/rtabmap/local_path,/rtabmap/localization_pose,/rtabmap/mapData,/rtabmap/mapGraph,/rtabmap/mapPath,/rtabmap/move_base/cancel,/rtabmap/move_base/goal,/rtabmap/octomap_binary,/rtabmap/octomap_empty_space,/rtabmap/octomap_full,/rtabmap/octomap_grid,/rtabmap/octomap_ground,/rtabmap/octomap_obstacles,/rtabmap/octomap_occupied_space,/rtabmap/proj_map,/rtabmap/scan_map,/tf";"/tmp/binarydeb/ros-kinetic-rtabmap-ros-0.17.6/src/CoreWrapper.cpp:CoreWrapper::process:1709"
"rtabmap (44): Rate=1.00s, Limit=0.000s, RTAB-Map=0.0201s, Maps update=0.0002s pub=0.0002s (local map=1, WM=1)";"2";"/rtabmap/rtabmap";"61.642000000";"/map,/rosout,/rtabmap/cloud_ground,/rtabmap/cloud_map,/rtabmap/cloud_obstacles,/rtabmap/global_path,/rtabmap/goal_out,/rtabmap/goal_reached,/rtabmap/grid_prob_map,/rtabmap/info,/rtabmap/labels,/rtabmap/local_path,/rtabmap/localization_pose,/rtabmap/mapData,/rtabmap/mapGraph,/rtabmap/mapPath,/rtabmap/move_base/cancel,/rtabmap/move_base/goal,/rtabmap/octomap_binary,/rtabmap/octomap_empty_space,/rtabmap/octomap_full,/rtabmap/octomap_grid,/rtabmap/octomap_ground,/rtabmap/octomap_obstacles,/rtabmap/octomap_occupied_space,/rtabmap/proj_map,/rtabmap/scan_map,/tf";"/tmp/binarydeb/ros-kinetic-rtabmap-ros-0.17.6/src/CoreWrapper.cpp:CoreWrapper::process:1709"
"rtabmap (43): Rate=1.00s, Limit=0.000s, RTAB-Map=0.0201s, Maps update=0.0002s pub=0.0002s (local map=1, WM=1)";"2";"/rtabmap/rtabmap";"60.628000000";"/map,/rosout,/rtabmap/cloud_ground,/rtabmap/cloud_map,/rtabmap/cloud_obstacles,/rtabmap/global_path,/rtabmap/goal_out,/rtabmap/goal_reached,/rtabmap/grid_prob_map,/rtabmap/info,/rtabmap/labels,/rtabmap/local_path,/rtabmap/localization_pose,/rtabmap/mapData,/rtabmap/mapGraph,/rtabmap/mapPath,/rtabmap/move_base/cancel,/rtabmap/move_base/goal,/rtabmap/octomap_binary,/rtabmap/octomap_empty_space,/rtabmap/octomap_full,/rtabmap/octomap_grid,/rtabmap/octomap_ground,/rtabmap/octomap_obstacles,/rtabmap/octomap_occupied_space,/rtabmap/proj_map,/rtabmap/scan_map,/tf";"/tmp/binarydeb/ros-kinetic-rtabmap-ros-0.17.6/src/CoreWrapper.cpp:CoreWrapper::process:1709"
"rtabmap (42): Rate=1.00s, Limit=0.000s, RTAB-Map=0.0166s, Maps update=0.0002s pub=0.0002s (local map=1, WM=1)";"2";"/rtabmap/rtabmap";"59.567000000";"/map,/rosout,/rtabmap/cloud_ground,/rtabmap/cloud_map,/rtabmap/cloud_obstacles,/rtabmap/global_path,/rtabmap/goal_out,/rtabmap/goal_reached,/rtabmap/grid_prob_map,/rtabmap/info,/rtabmap/labels,/rtabmap/local_path,/rtabmap/localization_pose,/rtabmap/mapData,/rtabmap/mapGraph,/rtabmap/mapPath,/rtabmap/move_base/cancel,/rtabmap/move_base/goal,/rtabmap/octomap_binary,/rtabmap/octomap_empty_space,/rtabmap/octomap_full,/rtabmap/octomap_grid,/rtabmap/octomap_ground,/rtabmap/octomap_obstacles,/rtabmap/octomap_occupied_space,/rtabmap/proj_map,/rtabmap/scan_map,/tf";"/tmp/binarydeb/ros-kinetic-rtabmap-ros-0.17.6/src/CoreWrapper.cpp:CoreWrapper::process:1709"
"rtabmap (41): Rate=1.00s, Limit=0.000s, RTAB-Map=0.0217s, Maps update=0.0002s pub=0.0002s (local map=1, WM=1)";"2";"/rtabmap/rtabmap";"58.511000000";"/map,/rosout,/rtabmap/cloud_ground,/rtabmap/cloud_map,/rtabmap/cloud_obstacles,/rtabmap/global_path,/rtabmap/goal_out,/rtabmap/goal_reached,/rtabmap/grid_prob_map,/rtabmap/info,/rtabmap/labels,/rtabmap/local_path,/rtabmap/localization_pose,/rtabmap/mapData,/rtabmap/mapGraph,/rtabmap/mapPath,/rtabmap/move_base/cancel,/rtabmap/move_base/goal,/rtabmap/octomap_binary,/rtabmap/octomap_empty_space,/rtabmap/octomap_full,/rtabmap/octomap_grid,/rtabmap/octomap_ground,/rtabmap/octomap_obstacles,/rtabmap/octomap_occupied_space,/rtabmap/proj_map,/rtabmap/scan_map,/tf";"/tmp/binarydeb/ros-kinetic-rtabmap-ros-0.17.6/src/CoreWrapper.cpp:CoreWrapper::process:1709"
"rtabmap (40): Rate=1.00s, Limit=0.000s, RTAB-Map=0.0156s, Maps update=0.0002s pub=0.0002s (local map=1, WM=1)";"2";"/rtabmap/rtabmap";"57.482000000";"/map,/rosout,/rtabmap/cloud_ground,/rtabmap/cloud_map,/rtabmap/cloud_obstacles,/rtabmap/global_path,/rtabmap/goal_out,/rtabmap/goal_reached,/rtabmap/grid_prob_map,/rtabmap/info,/rtabmap/labels,/rtabmap/local_path,/rtabmap/localization_pose,/rtabmap/mapData,/rtabmap/mapGraph,/rtabmap/mapPath,/rtabmap/move_base/cancel,/rtabmap/move_base/goal,/rtabmap/octomap_binary,/rtabmap/octomap_empty_space,/rtabmap/octomap_full,/rtabmap/octomap_grid,/rtabmap/octomap_ground,/rtabmap/octomap_obstacles,/rtabmap/octomap_occupied_space,/rtabmap/proj_map,/rtabmap/scan_map,/tf";"/tmp/binarydeb/ros-kinetic-rtabmap-ros-0.17.6/src/CoreWrapper.cpp:CoreWrapper::process:1709"
"rtabmap (39): Rate=1.00s, Limit=0.000s, RTAB-Map=0.0181s, Maps update=0.0002s pub=0.0002s (local map=1, WM=1)";"2";"/rtabmap/rtabmap";"56.417000000";"/map,/rosout,/rtabmap/cloud_ground,/rtabmap/cloud_map,/rtabmap/cloud_obstacles,/rtabmap/global_path,/rtabmap/goal_out,/rtabmap/goal_reached,/rtabmap/grid_prob_map,/rtabmap/info,/rtabmap/labels,/rtabmap/local_path,/rtabmap/localization_pose,/rtabmap/mapData,/rtabmap/mapGraph,/rtabmap/mapPath,/rtabmap/move_base/cancel,/rtabmap/move_base/goal,/rtabmap/octomap_binary,/rtabmap/octomap_empty_space,/rtabmap/octomap_full,/rtabmap/octomap_grid,/rtabmap/octomap_ground,/rtabmap/octomap_obstacles,/rtabmap/octomap_occupied_space,/rtabmap/proj_map,/rtabmap/scan_map,/tf";"/tmp/binarydeb/ros-kinetic-rtabmap-ros-0.17.6/src/CoreWrapper.cpp:CoreWrapper::process:1709"
"rtabmap (38): Rate=1.00s, Limit=0.000s, RTAB-Map=0.0158s, Maps update=0.0002s pub=0.0002s (local map=1, WM=1)";"2";"/rtabmap/rtabmap";"55.417000000";"/map,/rosout,/rtabmap/cloud_ground,/rtabmap/cloud_map,/rtabmap/cloud_obstacles,/rtabmap/global_path,/rtabmap/goal_out,/rtabmap/goal_reached,/rtabmap/grid_prob_map,/rtabmap/info,/rtabmap/labels,/rtabmap/local_path,/rtabmap/localization_pose,/rtabmap/mapData,/rtabmap/mapGraph,/rtabmap/mapPath,/rtabmap/move_base/cancel,/rtabmap/move_base/goal,/rtabmap/octomap_binary,/rtabmap/octomap_empty_space,/rtabmap/octomap_full,/rtabmap/octomap_grid,/rtabmap/octomap_ground,/rtabmap/octomap_obstacles,/rtabmap/octomap_occupied_space,/rtabmap/proj_map,/rtabmap/scan_map,/tf";"/tmp/binarydeb/ros-kinetic-rtabmap-ros-0.17.6/src/CoreWrapper.cpp:CoreWrapper::process:1709"
"rtabmap (37): Rate=1.00s, Limit=0.000s, RTAB-Map=0.0221s, Maps update=0.0002s pub=0.0002s (local map=1, WM=1)";"2";"/rtabmap/rtabmap";"54.406000000";"/map,/rosout,/rtabmap/cloud_ground,/rtabmap/cloud_map,/rtabmap/cloud_obstacles,/rtabmap/global_path,/rtabmap/goal_out,/rtabmap/goal_reached,/rtabmap/grid_prob_map,/rtabmap/info,/rtabmap/labels,/rtabmap/local_path,/rtabmap/localization_pose,/rtabmap/mapData,/rtabmap/mapGraph,/rtabmap/mapPath,/rtabmap/move_base/cancel,/rtabmap/move_base/goal,/rtabmap/octomap_binary,/rtabmap/octomap_empty_space,/rtabmap/octomap_full,/rtabmap/octomap_grid,/rtabmap/octomap_ground,/rtabmap/octomap_obstacles,/rtabmap/octomap_occupied_space,/rtabmap/proj_map,/rtabmap/scan_map,/tf";"/tmp/binarydeb/ros-kinetic-rtabmap-ros-0.17.6/src/CoreWrapper.cpp:CoreWrapper::process:1709"
"rtabmap (36): Rate=1.00s, Limit=0.000s, RTAB-Map=0.0206s, Maps update=0.0003s pub=0.0002s (local map=1, WM=1)";"2";"/rtabmap/rtabmap";"53.344000000";"/map,/rosout,/rtabmap/cloud_ground,/rtabmap/cloud_map,/rtabmap/cloud_obstacles,/rtabmap/global_path,/rtabmap/goal_out,/rtabmap/goal_reached,/rtabmap/grid_prob_map,/rtabmap/info,/rtabmap/labels,/rtabmap/local_path,/rtabmap/localization_pose,/rtabmap/mapData,/rtabmap/mapGraph,/rtabmap/mapPath,/rtabmap/move_base/cancel,/rtabmap/move_base/goal,/rtabmap/octomap_binary,/rtabmap/octomap_empty_space,/rtabmap/octomap_full,/rtabmap/octomap_grid,/rtabmap/octomap_ground,/rtabmap/octomap_obstacles,/rtabmap/octomap_occupied_space,/rtabmap/proj_map,/rtabmap/scan_map,/tf";"/tmp/binarydeb/ros-kinetic-rtabmap-ros-0.17.6/src/CoreWrapper.cpp:CoreWrapper::process:1709"
"rtabmap (35): Rate=1.00s, Limit=0.000s, RTAB-Map=0.0176s, Maps update=0.0003s pub=0.0002s (local map=1, WM=1)";"2";"/rtabmap/rtabmap";"52.272000000";"/map,/rosout,/rtabmap/cloud_ground,/rtabmap/cloud_map,/rtabmap/cloud_obstacles,/rtabmap/global_path,/rtabmap/goal_out,/rtabmap/goal_reached,/rtabmap/grid_prob_map,/rtabmap/info,/rtabmap/labels,/rtabmap/local_path,/rtabmap/localization_pose,/rtabmap/mapData,/rtabmap/mapGraph,/rtabmap/mapPath,/rtabmap/move_base/cancel,/rtabmap/move_base/goal,/rtabmap/octomap_binary,/rtabmap/octomap_empty_space,/rtabmap/octomap_full,/rtabmap/octomap_grid,/rtabmap/octomap_ground,/rtabmap/octomap_obstacles,/rtabmap/octomap_occupied_space,/rtabmap/proj_map,/rtabmap/scan_map,/tf";"/tmp/binarydeb/ros-kinetic-rtabmap-ros-0.17.6/src/CoreWrapper.cpp:CoreWrapper::process:1709"
"rtabmap (34): Rate=1.00s, Limit=0.000s, RTAB-Map=0.0183s, Maps update=0.0008s pub=0.0007s (local map=1, WM=1)";"2";"/rtabmap/rtabmap";"51.230000000";"/map,/rosout,/rtabmap/cloud_ground,/rtabmap/cloud_map,/rtabmap/cloud_obstacles,/rtabmap/global_path,/rtabmap/goal_out,/rtabmap/goal_reached,/rtabmap/grid_prob_map,/rtabmap/info,/rtabmap/labels,/rtabmap/local_path,/rtabmap/localization_pose,/rtabmap/mapData,/rtabmap/mapGraph,/rtabmap/mapPath,/rtabmap/move_base/cancel,/rtabmap/move_base/goal,/rtabmap/octomap_binary,/rtabmap/octomap_empty_space,/rtabmap/octomap_full,/rtabmap/octomap_grid,/rtabmap/octomap_ground,/rtabmap/octomap_obstacles,/rtabmap/octomap_occupied_space,/rtabmap/proj_map,/rtabmap/scan_map,/tf";"/tmp/binarydeb/ros-kinetic-rtabmap-ros-0.17.6/src/CoreWrapper.cpp:CoreWrapper::process:1709"
"rtabmap (33): Rate=1.00s, Limit=0.000s, RTAB-Map=0.0161s, Maps update=0.0006s pub=0.0002s (local map=1, WM=1)";"2";"/rtabmap/rtabmap";"50.213000000";"/map,/rosout,/rtabmap/cloud_ground,/rtabmap/cloud_map,/rtabmap/cloud_obstacles,/rtabmap/global_path,/rtabmap/goal_out,/rtabmap/goal_reached,/rtabmap/grid_prob_map,/rtabmap/info,/rtabmap/labels,/rtabmap/local_path,/rtabmap/localization_pose,/rtabmap/mapData,/rtabmap/mapGraph,/rtabmap/mapPath,/rtabmap/move_base/cancel,/rtabmap/move_base/goal,/rtabmap/octomap_binary,/rtabmap/octomap_empty_space,/rtabmap/octomap_full,/rtabmap/octomap_grid,/rtabmap/octomap_ground,/rtabmap/octomap_obstacles,/rtabmap/octomap_occupied_space,/rtabmap/proj_map,/rtabmap/scan_map,/tf";"/tmp/binarydeb/ros-kinetic-rtabmap-ros-0.17.6/src/CoreWrapper.cpp:CoreWrapper::process:1709"
"rtabmap (32): Rate=1.00s, Limit=0.000s, RTAB-Map=0.0130s, Maps update=0.0002s pub=0.0001s (local map=1, WM=1)";"2";"/rtabmap/rtabmap";"49.123000000";"/map,/rosout,/rtabmap/cloud_ground,/rtabmap/cloud_map,/rtabmap/cloud_obstacles,/rtabmap/global_path,/rtabmap/goal_out,/rtabmap/goal_reached,/rtabmap/grid_prob_map,/rtabmap/info,/rtabmap/labels,/rtabmap/local_path,/rtabmap/localization_pose,/rtabmap/mapData,/rtabmap/mapGraph,/rtabmap/mapPath,/rtabmap/move_base/cancel,/rtabmap/move_base/goal,/rtabmap/octomap_binary,/rtabmap/octomap_empty_space,/rtabmap/octomap_full,/rtabmap/octomap_grid,/rtabmap/octomap_ground,/rtabmap/octomap_obstacles,/rtabmap/octomap_occupied_space,/rtabmap/proj_map,/rtabmap/scan_map,/tf";"/tmp/binarydeb/ros-kinetic-rtabmap-ros-0.17.6/src/CoreWrapper.cpp:CoreWrapper::process:1709"
"rtabmap (31): Rate=1.00s, Limit=0.000s, RTAB-Map=0.0143s, Maps update=0.0002s pub=0.0020s (local map=1, WM=1)";"2";"/rtabmap/rtabmap";"48.135000000";"/map,/rosout,/rtabmap/cloud_ground,/rtabmap/cloud_map,/rtabmap/cloud_obstacles,/rtabmap/global_path,/rtabmap/goal_out,/rtabmap/goal_reached,/rtabmap/grid_prob_map,/rtabmap/info,/rtabmap/labels,/rtabmap/local_path,/rtabmap/localization_pose,/rtabmap/mapData,/rtabmap/mapGraph,/rtabmap/mapPath,/rtabmap/move_base/cancel,/rtabmap/move_base/goal,/rtabmap/octomap_binary,/rtabmap/octomap_empty_space,/rtabmap/octomap_full,/rtabmap/octomap_grid,/rtabmap/octomap_ground,/rtabmap/octomap_obstacles,/rtabmap/octomap_occupied_space,/rtabmap/proj_map,/rtabmap/scan_map,/tf";"/tmp/binarydeb/ros-kinetic-rtabmap-ros-0.17.6/src/CoreWrapper.cpp:CoreWrapper::process:1709"
"rtabmap (30): Rate=1.00s, Limit=0.000s, RTAB-Map=0.0132s, Maps update=0.0004s pub=0.0002s (local map=1, WM=1)";"2";"/rtabmap/rtabmap";"47.116000000";"/map,/rosout,/rtabmap/cloud_ground,/rtabmap/cloud_map,/rtabmap/cloud_obstacles,/rtabmap/global_path,/rtabmap/goal_out,/rtabmap/goal_reached,/rtabmap/grid_prob_map,/rtabmap/info,/rtabmap/labels,/rtabmap/local_path,/rtabmap/localization_pose,/rtabmap/mapData,/rtabmap/mapGraph,/rtabmap/mapPath,/rtabmap/move_base/cancel,/rtabmap/move_base/goal,/rtabmap/octomap_binary,/rtabmap/octomap_empty_space,/rtabmap/octomap_full,/rtabmap/octomap_grid,/rtabmap/octomap_ground,/rtabmap/octomap_obstacles,/rtabmap/octomap_occupied_space,/rtabmap/proj_map,/rtabmap/scan_map,/tf";"/tmp/binarydeb/ros-kinetic-rtabmap-ros-0.17.6/src/CoreWrapper.cpp:CoreWrapper::process:1709"
"rtabmap (29): Rate=1.00s, Limit=0.000s, RTAB-Map=0.0162s, Maps update=0.0003s pub=0.0002s (local map=1, WM=1)";"2";"/rtabmap/rtabmap";"46.114000000";"/map,/rosout,/rtabmap/cloud_ground,/rtabmap/cloud_map,/rtabmap/cloud_obstacles,/rtabmap/global_path,/rtabmap/goal_out,/rtabmap/goal_reached,/rtabmap/grid_prob_map,/rtabmap/info,/rtabmap/labels,/rtabmap/local_path,/rtabmap/localization_pose,/rtabmap/mapData,/rtabmap/mapGraph,/rtabmap/mapPath,/rtabmap/move_base/cancel,/rtabmap/move_base/goal,/rtabmap/octomap_binary,/rtabmap/octomap_empty_space,/rtabmap/octomap_full,/rtabmap/octomap_grid,/rtabmap/octomap_ground,/rtabmap/octomap_obstacles,/rtabmap/octomap_occupied_space,/rtabmap/proj_map,/rtabmap/scan_map,/tf";"/tmp/binarydeb/ros-kinetic-rtabmap-ros-0.17.6/src/CoreWrapper.cpp:CoreWrapper::process:1709"
"rtabmap (28): Rate=1.00s, Limit=0.000s, RTAB-Map=0.0161s, Maps update=0.0002s pub=0.0002s (local map=1, WM=1)";"2";"/rtabmap/rtabmap";"45.039000000";"/map,/rosout,/rtabmap/cloud_ground,/rtabmap/cloud_map,/rtabmap/cloud_obstacles,/rtabmap/global_path,/rtabmap/goal_out,/rtabmap/goal_reached,/rtabmap/grid_prob_map,/rtabmap/info,/rtabmap/labels,/rtabmap/local_path,/rtabmap/localization_pose,/rtabmap/mapData,/rtabmap/mapGraph,/rtabmap/mapPath,/rtabmap/move_base/cancel,/rtabmap/move_base/goal,/rtabmap/octomap_binary,/rtabmap/octomap_empty_space,/rtabmap/octomap_full,/rtabmap/octomap_grid,/rtabmap/octomap_ground,/rtabmap/octomap_obstacles,/rtabmap/octomap_occupied_space,/rtabmap/proj_map,/rtabmap/scan_map,/tf";"/tmp/binarydeb/ros-kinetic-rtabmap-ros-0.17.6/src/CoreWrapper.cpp:CoreWrapper::process:1709"
"rtabmap (27): Rate=1.00s, Limit=0.000s, RTAB-Map=0.0141s, Maps update=0.0002s pub=0.0002s (local map=1, WM=1)";"2";"/rtabmap/rtabmap";"43.986000000";"/map,/rosout,/rtabmap/cloud_ground,/rtabmap/cloud_map,/rtabmap/cloud_obstacles,/rtabmap/global_path,/rtabmap/goal_out,/rtabmap/goal_reached,/rtabmap/grid_prob_map,/rtabmap/info,/rtabmap/labels,/rtabmap/local_path,/rtabmap/localization_pose,/rtabmap/mapData,/rtabmap/mapGraph,/rtabmap/mapPath,/rtabmap/move_base/cancel,/rtabmap/move_base/goal,/rtabmap/octomap_binary,/rtabmap/octomap_empty_space,/rtabmap/octomap_full,/rtabmap/octomap_grid,/rtabmap/octomap_ground,/rtabmap/octomap_obstacles,/rtabmap/octomap_occupied_space,/rtabmap/proj_map,/rtabmap/scan_map,/tf";"/tmp/binarydeb/ros-kinetic-rtabmap-ros-0.17.6/src/CoreWrapper.cpp:CoreWrapper::process:1709"
"rtabmap (26): Rate=1.00s, Limit=0.000s, RTAB-Map=0.0157s, Maps update=0.0002s pub=0.0002s (local map=1, WM=1)";"2";"/rtabmap/rtabmap";"42.902000000";"/map,/rosout,/rtabmap/cloud_ground,/rtabmap/cloud_map,/rtabmap/cloud_obstacles,/rtabmap/global_path,/rtabmap/goal_out,/rtabmap/goal_reached,/rtabmap/grid_prob_map,/rtabmap/info,/rtabmap/labels,/rtabmap/local_path,/rtabmap/localization_pose,/rtabmap/mapData,/rtabmap/mapGraph,/rtabmap/mapPath,/rtabmap/move_base/cancel,/rtabmap/move_base/goal,/rtabmap/octomap_binary,/rtabmap/octomap_empty_space,/rtabmap/octomap_full,/rtabmap/octomap_grid,/rtabmap/octomap_ground,/rtabmap/octomap_obstacles,/rtabmap/octomap_occupied_space,/rtabmap/proj_map,/rtabmap/scan_map,/tf";"/tmp/binarydeb/ros-kinetic-rtabmap-ros-0.17.6/src/CoreWrapper.cpp:CoreWrapper::process:1709"
"rtabmap (25): Rate=1.00s, Limit=0.000s, RTAB-Map=0.0159s, Maps update=0.0001s pub=0.0004s (local map=1, WM=1)";"2";"/rtabmap/rtabmap";"41.868000000";"/map,/rosout,/rtabmap/cloud_ground,/rtabmap/cloud_map,/rtabmap/cloud_obstacles,/rtabmap/global_path,/rtabmap/goal_out,/rtabmap/goal_reached,/rtabmap/grid_prob_map,/rtabmap/info,/rtabmap/labels,/rtabmap/local_path,/rtabmap/localization_pose,/rtabmap/mapData,/rtabmap/mapGraph,/rtabmap/mapPath,/rtabmap/move_base/cancel,/rtabmap/move_base/goal,/rtabmap/octomap_binary,/rtabmap/octomap_empty_space,/rtabmap/octomap_full,/rtabmap/octomap_grid,/rtabmap/octomap_ground,/rtabmap/octomap_obstacles,/rtabmap/octomap_occupied_space,/rtabmap/proj_map,/rtabmap/scan_map,/tf";"/tmp/binarydeb/ros-kinetic-rtabmap-ros-0.17.6/src/CoreWrapper.cpp:CoreWrapper::process:1709"
"rtabmap (24): Rate=1.00s, Limit=0.000s, RTAB-Map=0.0137s, Maps update=0.0033s pub=0.0002s (local map=1, WM=1)";"2";"/rtabmap/rtabmap";"40.838000000";"/map,/rosout,/rtabmap/cloud_ground,/rtabmap/cloud_map,/rtabmap/cloud_obstacles,/rtabmap/global_path,/rtabmap/goal_out,/rtabmap/goal_reached,/rtabmap/grid_prob_map,/rtabmap/info,/rtabmap/labels,/rtabmap/local_path,/rtabmap/localization_pose,/rtabmap/mapData,/rtabmap/mapGraph,/rtabmap/mapPath,/rtabmap/move_base/cancel,/rtabmap/move_base/goal,/rtabmap/octomap_binary,/rtabmap/octomap_empty_space,/rtabmap/octomap_full,/rtabmap/octomap_grid,/rtabmap/octomap_ground,/rtabmap/octomap_obstacles,/rtabmap/octomap_occupied_space,/rtabmap/proj_map,/rtabmap/scan_map,/tf";"/tmp/binarydeb/ros-kinetic-rtabmap-ros-0.17.6/src/CoreWrapper.cpp:CoreWrapper::process:1709"
"rtabmap (23): Rate=1.00s, Limit=0.000s, RTAB-Map=0.0186s, Maps update=0.0002s pub=0.0002s (local map=1, WM=1)";"2";"/rtabmap/rtabmap";"39.808000000";"/map,/rosout,/rtabmap/cloud_ground,/rtabmap/cloud_map,/rtabmap/cloud_obstacles,/rtabmap/global_path,/rtabmap/goal_out,/rtabmap/goal_reached,/rtabmap/grid_prob_map,/rtabmap/info,/rtabmap/labels,/rtabmap/local_path,/rtabmap/localization_pose,/rtabmap/mapData,/rtabmap/mapGraph,/rtabmap/mapPath,/rtabmap/move_base/cancel,/rtabmap/move_base/goal,/rtabmap/octomap_binary,/rtabmap/octomap_empty_space,/rtabmap/octomap_full,/rtabmap/octomap_grid,/rtabmap/octomap_ground,/rtabmap/octomap_obstacles,/rtabmap/octomap_occupied_space,/rtabmap/proj_map,/rtabmap/scan_map,/tf";"/tmp/binarydeb/ros-kinetic-rtabmap-ros-0.17.6/src/CoreWrapper.cpp:CoreWrapper::process:1709"
"rtabmap (22): Rate=1.00s, Limit=0.000s, RTAB-Map=0.0158s, Maps update=0.0002s pub=0.0002s (local map=1, WM=1)";"2";"/rtabmap/rtabmap";"38.805000000";"/map,/rosout,/rtabmap/cloud_ground,/rtabmap/cloud_map,/rtabmap/cloud_obstacles,/rtabmap/global_path,/rtabmap/goal_out,/rtabmap/goal_reached,/rtabmap/grid_prob_map,/rtabmap/info,/rtabmap/labels,/rtabmap/local_path,/rtabmap/localization_pose,/rtabmap/mapData,/rtabmap/mapGraph,/rtabmap/mapPath,/rtabmap/move_base/cancel,/rtabmap/move_base/goal,/rtabmap/octomap_binary,/rtabmap/octomap_empty_space,/rtabmap/octomap_full,/rtabmap/octomap_grid,/rtabmap/octomap_ground,/rtabmap/octomap_obstacles,/rtabmap/octomap_occupied_space,/rtabmap/proj_map,/rtabmap/scan_map,/tf";"/tmp/binarydeb/ros-kinetic-rtabmap-ros-0.17.6/src/CoreWrapper.cpp:CoreWrapper::process:1709"
"rtabmap (21): Rate=1.00s, Limit=0.000s, RTAB-Map=0.0225s, Maps update=0.0002s pub=0.0002s (local map=1, WM=1)";"2";"/rtabmap/rtabmap";"37.803000000";"/map,/rosout,/rtabmap/cloud_ground,/rtabmap/cloud_map,/rtabmap/cloud_obstacles,/rtabmap/global_path,/rtabmap/goal_out,/rtabmap/goal_reached,/rtabmap/grid_prob_map,/rtabmap/info,/rtabmap/labels,/rtabmap/local_path,/rtabmap/localization_pose,/rtabmap/mapData,/rtabmap/mapGraph,/rtabmap/mapPath,/rtabmap/move_base/cancel,/rtabmap/move_base/goal,/rtabmap/octomap_binary,/rtabmap/octomap_empty_space,/rtabmap/octomap_full,/rtabmap/octomap_grid,/rtabmap/octomap_ground,/rtabmap/octomap_obstacles,/rtabmap/octomap_occupied_space,/rtabmap/proj_map,/rtabmap/scan_map,/tf";"/tmp/binarydeb/ros-kinetic-rtabmap-ros-0.17.6/src/CoreWrapper.cpp:CoreWrapper::process:1709"
"rtabmap (20): Rate=1.00s, Limit=0.000s, RTAB-Map=0.0114s, Maps update=0.0002s pub=0.0002s (local map=1, WM=1)";"2";"/rtabmap/rtabmap";"36.775000000";"/map,/rosout,/rtabmap/cloud_ground,/rtabmap/cloud_map,/rtabmap/cloud_obstacles,/rtabmap/global_path,/rtabmap/goal_out,/rtabmap/goal_reached,/rtabmap/grid_prob_map,/rtabmap/info,/rtabmap/labels,/rtabmap/local_path,/rtabmap/localization_pose,/rtabmap/mapData,/rtabmap/mapGraph,/rtabmap/mapPath,/rtabmap/move_base/cancel,/rtabmap/move_base/goal,/rtabmap/octomap_binary,/rtabmap/octomap_empty_space,/rtabmap/octomap_full,/rtabmap/octomap_grid,/rtabmap/octomap_ground,/rtabmap/octomap_obstacles,/rtabmap/octomap_occupied_space,/rtabmap/proj_map,/rtabmap/scan_map,/tf";"/tmp/binarydeb/ros-kinetic-rtabmap-ros-0.17.6/src/CoreWrapper.cpp:CoreWrapper::process:1709"
"rtabmap (19): Rate=1.00s, Limit=0.000s, RTAB-Map=0.0165s, Maps update=0.0002s pub=0.0006s (local map=1, WM=1)";"2";"/rtabmap/rtabmap";"35.755000000";"/map,/rosout,/rtabmap/cloud_ground,/rtabmap/cloud_map,/rtabmap/cloud_obstacles,/rtabmap/global_path,/rtabmap/goal_out,/rtabmap/goal_reached,/rtabmap/grid_prob_map,/rtabmap/info,/rtabmap/labels,/rtabmap/local_path,/rtabmap/localization_pose,/rtabmap/mapData,/rtabmap/mapGraph,/rtabmap/mapPath,/rtabmap/move_base/cancel,/rtabmap/move_base/goal,/rtabmap/octomap_binary,/rtabmap/octomap_empty_space,/rtabmap/octomap_full,/rtabmap/octomap_grid,/rtabmap/octomap_ground,/rtabmap/octomap_obstacles,/rtabmap/octomap_occupied_space,/rtabmap/proj_map,/rtabmap/scan_map,/tf";"/tmp/binarydeb/ros-kinetic-rtabmap-ros-0.17.6/src/CoreWrapper.cpp:CoreWrapper::process:1709"
"rtabmap (18): Rate=1.00s, Limit=0.000s, RTAB-Map=0.0217s, Maps update=0.0002s pub=0.0002s (local map=1, WM=1)";"2";"/rtabmap/rtabmap";"34.716000000";"/map,/rosout,/rtabmap/cloud_ground,/rtabmap/cloud_map,/rtabmap/cloud_obstacles,/rtabmap/global_path,/rtabmap/goal_out,/rtabmap/goal_reached,/rtabmap/grid_prob_map,/rtabmap/info,/rtabmap/labels,/rtabmap/local_path,/rtabmap/localization_pose,/rtabmap/mapData,/rtabmap/mapGraph,/rtabmap/mapPath,/rtabmap/move_base/cancel,/rtabmap/move_base/goal,/rtabmap/octomap_binary,/rtabmap/octomap_empty_space,/rtabmap/octomap_full,/rtabmap/octomap_grid,/rtabmap/octomap_ground,/rtabmap/octomap_obstacles,/rtabmap/octomap_occupied_space,/rtabmap/proj_map,/rtabmap/scan_map,/tf";"/tmp/binarydeb/ros-kinetic-rtabmap-ros-0.17.6/src/CoreWrapper.cpp:CoreWrapper::process:1709"
"rtabmap (17): Rate=1.00s, Limit=0.000s, RTAB-Map=0.0154s, Maps update=0.0002s pub=0.0002s (local map=1, WM=1)";"2";"/rtabmap/rtabmap";"33.713000000";"/map,/rosout,/rtabmap/cloud_ground,/rtabmap/cloud_map,/rtabmap/cloud_obstacles,/rtabmap/global_path,/rtabmap/goal_out,/rtabmap/goal_reached,/rtabmap/grid_prob_map,/rtabmap/info,/rtabmap/labels,/rtabmap/local_path,/rtabmap/localization_pose,/rtabmap/mapData,/rtabmap/mapGraph,/rtabmap/mapPath,/rtabmap/move_base/cancel,/rtabmap/move_base/goal,/rtabmap/octomap_binary,/rtabmap/octomap_empty_space,/rtabmap/octomap_full,/rtabmap/octomap_grid,/rtabmap/octomap_ground,/rtabmap/octomap_obstacles,/rtabmap/octomap_occupied_space,/rtabmap/proj_map,/rtabmap/scan_map,/tf";"/tmp/binarydeb/ros-kinetic-rtabmap-ros-0.17.6/src/CoreWrapper.cpp:CoreWrapper::process:1709"
"rtabmap (16): Rate=1.00s, Limit=0.000s, RTAB-Map=0.0160s, Maps update=0.0035s pub=0.0002s (local map=1, WM=1)";"2";"/rtabmap/rtabmap";"32.694000000";"/map,/rosout,/rtabmap/cloud_ground,/rtabmap/cloud_map,/rtabmap/cloud_obstacles,/rtabmap/global_path,/rtabmap/goal_out,/rtabmap/goal_reached,/rtabmap/grid_prob_map,/rtabmap/info,/rtabmap/labels,/rtabmap/local_path,/rtabmap/localization_pose,/rtabmap/mapData,/rtabmap/mapGraph,/rtabmap/mapPath,/rtabmap/move_base/cancel,/rtabmap/move_base/goal,/rtabmap/octomap_binary,/rtabmap/octomap_empty_space,/rtabmap/octomap_full,/rtabmap/octomap_grid,/rtabmap/octomap_ground,/rtabmap/octomap_obstacles,/rtabmap/octomap_occupied_space,/rtabmap/proj_map,/rtabmap/scan_map,/tf";"/tmp/binarydeb/ros-kinetic-rtabmap-ros-0.17.6/src/CoreWrapper.cpp:CoreWrapper::process:1709"
"rtabmap (15): Rate=1.00s, Limit=0.000s, RTAB-Map=0.0153s, Maps update=0.0002s pub=0.0002s (local map=1, WM=1)";"2";"/rtabmap/rtabmap";"31.664000000";"/map,/rosout,/rtabmap/cloud_ground,/rtabmap/cloud_map,/rtabmap/cloud_obstacles,/rtabmap/global_path,/rtabmap/goal_out,/rtabmap/goal_reached,/rtabmap/grid_prob_map,/rtabmap/info,/rtabmap/labels,/rtabmap/local_path,/rtabmap/localization_pose,/rtabmap/mapData,/rtabmap/mapGraph,/rtabmap/mapPath,/rtabmap/move_base/cancel,/rtabmap/move_base/goal,/rtabmap/octomap_binary,/rtabmap/octomap_empty_space,/rtabmap/octomap_full,/rtabmap/octomap_grid,/rtabmap/octomap_ground,/rtabmap/octomap_obstacles,/rtabmap/octomap_occupied_space,/rtabmap/proj_map,/rtabmap/scan_map,/tf";"/tmp/binarydeb/ros-kinetic-rtabmap-ros-0.17.6/src/CoreWrapper.cpp:CoreWrapper::process:1709"
"rtabmap (14): Rate=1.00s, Limit=0.000s, RTAB-Map=0.0136s, Maps update=0.0001s pub=0.0011s (local map=1, WM=1)";"2";"/rtabmap/rtabmap";"30.651000000";"/map,/rosout,/rtabmap/cloud_ground,/rtabmap/cloud_map,/rtabmap/cloud_obstacles,/rtabmap/global_path,/rtabmap/goal_out,/rtabmap/goal_reached,/rtabmap/grid_prob_map,/rtabmap/info,/rtabmap/labels,/rtabmap/local_path,/rtabmap/localization_pose,/rtabmap/mapData,/rtabmap/mapGraph,/rtabmap/mapPath,/rtabmap/move_base/cancel,/rtabmap/move_base/goal,/rtabmap/octomap_binary,/rtabmap/octomap_empty_space,/rtabmap/octomap_full,/rtabmap/octomap_grid,/rtabmap/octomap_ground,/rtabmap/octomap_obstacles,/rtabmap/octomap_occupied_space,/rtabmap/proj_map,/rtabmap/scan_map,/tf";"/tmp/binarydeb/ros-kinetic-rtabmap-ros-0.17.6/src/CoreWrapper.cpp:CoreWrapper::process:1709"
"rtabmap (13): Rate=1.00s, Limit=0.000s, RTAB-Map=0.0118s, Maps update=0.0011s pub=0.0007s (local map=1, WM=1)";"2";"/rtabmap/rtabmap";"29.615000000";"/map,/rosout,/rtabmap/cloud_ground,/rtabmap/cloud_map,/rtabmap/cloud_obstacles,/rtabmap/global_path,/rtabmap/goal_out,/rtabmap/goal_reached,/rtabmap/grid_prob_map,/rtabmap/info,/rtabmap/labels,/rtabmap/local_path,/rtabmap/localization_pose,/rtabmap/mapData,/rtabmap/mapGraph,/rtabmap/mapPath,/rtabmap/move_base/cancel,/rtabmap/move_base/goal,/rtabmap/octomap_binary,/rtabmap/octomap_empty_space,/rtabmap/octomap_full,/rtabmap/octomap_grid,/rtabmap/octomap_ground,/rtabmap/octomap_obstacles,/rtabmap/octomap_occupied_space,/rtabmap/proj_map,/rtabmap/scan_map,/tf";"/tmp/binarydeb/ros-kinetic-rtabmap-ros-0.17.6/src/CoreWrapper.cpp:CoreWrapper::process:1709"
"rtabmap (12): Rate=1.00s, Limit=0.000s, RTAB-Map=0.0116s, Maps update=0.0003s pub=0.0005s (local map=1, WM=1)";"2";"/rtabmap/rtabmap";"28.624000000";"/map,/rosout,/rtabmap/cloud_ground,/rtabmap/cloud_map,/rtabmap/cloud_obstacles,/rtabmap/global_path,/rtabmap/goal_out,/rtabmap/goal_reached,/rtabmap/grid_prob_map,/rtabmap/info,/rtabmap/labels,/rtabmap/local_path,/rtabmap/localization_pose,/rtabmap/mapData,/rtabmap/mapGraph,/rtabmap/mapPath,/rtabmap/move_base/cancel,/rtabmap/move_base/goal,/rtabmap/octomap_binary,/rtabmap/octomap_empty_space,/rtabmap/octomap_full,/rtabmap/octomap_grid,/rtabmap/octomap_ground,/rtabmap/octomap_obstacles,/rtabmap/octomap_occupied_space,/rtabmap/proj_map,/rtabmap/scan_map,/tf";"/tmp/binarydeb/ros-kinetic-rtabmap-ros-0.17.6/src/CoreWrapper.cpp:CoreWrapper::process:1709"
"rtabmap (11): Rate=1.00s, Limit=0.000s, RTAB-Map=0.0145s, Maps update=0.0002s pub=0.0002s (local map=1, WM=1)";"2";"/rtabmap/rtabmap";"27.545000000";"/map,/rosout,/rtabmap/cloud_ground,/rtabmap/cloud_map,/rtabmap/cloud_obstacles,/rtabmap/global_path,/rtabmap/goal_out,/rtabmap/goal_reached,/rtabmap/grid_prob_map,/rtabmap/info,/rtabmap/labels,/rtabmap/local_path,/rtabmap/localization_pose,/rtabmap/mapData,/rtabmap/mapGraph,/rtabmap/mapPath,/rtabmap/move_base/cancel,/rtabmap/move_base/goal,/rtabmap/octomap_binary,/rtabmap/octomap_empty_space,/rtabmap/octomap_full,/rtabmap/octomap_grid,/rtabmap/octomap_ground,/rtabmap/octomap_obstacles,/rtabmap/octomap_occupied_space,/rtabmap/proj_map,/rtabmap/scan_map,/tf";"/tmp/binarydeb/ros-kinetic-rtabmap-ros-0.17.6/src/CoreWrapper.cpp:CoreWrapper::process:1709"
"rtabmap (10): Rate=1.00s, Limit=0.000s, RTAB-Map=0.0133s, Maps update=0.0001s pub=0.0002s (local map=1, WM=1)";"2";"/rtabmap/rtabmap";"26.447000000";"/map,/rosout,/rtabmap/cloud_ground,/rtabmap/cloud_map,/rtabmap/cloud_obstacles,/rtabmap/global_path,/rtabmap/goal_out,/rtabmap/goal_reached,/rtabmap/grid_prob_map,/rtabmap/info,/rtabmap/labels,/rtabmap/local_path,/rtabmap/localization_pose,/rtabmap/mapData,/rtabmap/mapGraph,/rtabmap/mapPath,/rtabmap/move_base/cancel,/rtabmap/move_base/goal,/rtabmap/octomap_binary,/rtabmap/octomap_empty_space,/rtabmap/octomap_full,/rtabmap/octomap_grid,/rtabmap/octomap_ground,/rtabmap/octomap_obstacles,/rtabmap/octomap_occupied_space,/rtabmap/proj_map,/rtabmap/scan_map,/tf";"/tmp/binarydeb/ros-kinetic-rtabmap-ros-0.17.6/src/CoreWrapper.cpp:CoreWrapper::process:1709"
"rtabmap (9): Rate=1.00s, Limit=0.000s, RTAB-Map=0.0242s, Maps update=0.0002s pub=0.0002s (local map=1, WM=1)";"2";"/rtabmap/rtabmap";"25.467000000";"/map,/rosout,/rtabmap/cloud_ground,/rtabmap/cloud_map,/rtabmap/cloud_obstacles,/rtabmap/global_path,/rtabmap/goal_out,/rtabmap/goal_reached,/rtabmap/grid_prob_map,/rtabmap/info,/rtabmap/labels,/rtabmap/local_path,/rtabmap/localization_pose,/rtabmap/mapData,/rtabmap/mapGraph,/rtabmap/mapPath,/rtabmap/move_base/cancel,/rtabmap/move_base/goal,/rtabmap/octomap_binary,/rtabmap/octomap_empty_space,/rtabmap/octomap_full,/rtabmap/octomap_grid,/rtabmap/octomap_ground,/rtabmap/octomap_obstacles,/rtabmap/octomap_occupied_space,/rtabmap/proj_map,/rtabmap/scan_map,/tf";"/tmp/binarydeb/ros-kinetic-rtabmap-ros-0.17.6/src/CoreWrapper.cpp:CoreWrapper::process:1709"
"rtabmap (8): Rate=1.00s, Limit=0.000s, RTAB-Map=0.0135s, Maps update=0.0002s pub=0.0006s (local map=1, WM=1)";"2";"/rtabmap/rtabmap";"24.360000000";"/map,/rosout,/rtabmap/cloud_ground,/rtabmap/cloud_map,/rtabmap/cloud_obstacles,/rtabmap/global_path,/rtabmap/goal_out,/rtabmap/goal_reached,/rtabmap/grid_prob_map,/rtabmap/info,/rtabmap/labels,/rtabmap/local_path,/rtabmap/localization_pose,/rtabmap/mapData,/rtabmap/mapGraph,/rtabmap/mapPath,/rtabmap/move_base/cancel,/rtabmap/move_base/goal,/rtabmap/octomap_binary,/rtabmap/octomap_empty_space,/rtabmap/octomap_full,/rtabmap/octomap_grid,/rtabmap/octomap_ground,/rtabmap/octomap_obstacles,/rtabmap/octomap_occupied_space,/rtabmap/proj_map,/rtabmap/scan_map,/tf";"/tmp/binarydeb/ros-kinetic-rtabmap-ros-0.17.6/src/CoreWrapper.cpp:CoreWrapper::process:1709"
"rtabmap (7): Rate=1.00s, Limit=0.000s, RTAB-Map=0.0167s, Maps update=0.0003s pub=0.0079s (local map=1, WM=1)";"2";"/rtabmap/rtabmap";"23.335000000";"/map,/rosout,/rtabmap/cloud_ground,/rtabmap/cloud_map,/rtabmap/cloud_obstacles,/rtabmap/global_path,/rtabmap/goal_out,/rtabmap/goal_reached,/rtabmap/grid_prob_map,/rtabmap/info,/rtabmap/labels,/rtabmap/local_path,/rtabmap/localization_pose,/rtabmap/mapData,/rtabmap/mapGraph,/rtabmap/mapPath,/rtabmap/move_base/cancel,/rtabmap/move_base/goal,/rtabmap/octomap_binary,/rtabmap/octomap_empty_space,/rtabmap/octomap_full,/rtabmap/octomap_grid,/rtabmap/octomap_ground,/rtabmap/octomap_obstacles,/rtabmap/octomap_occupied_space,/rtabmap/proj_map,/rtabmap/scan_map,/tf";"/tmp/binarydeb/ros-kinetic-rtabmap-ros-0.17.6/src/CoreWrapper.cpp:CoreWrapper::process:1709"
"rtabmap (6): Rate=1.00s, Limit=0.000s, RTAB-Map=0.0209s, Maps update=0.0002s pub=0.0002s (local map=1, WM=1)";"2";"/rtabmap/rtabmap";"22.232000000";"/map,/rosout,/rtabmap/cloud_ground,/rtabmap/cloud_map,/rtabmap/cloud_obstacles,/rtabmap/global_path,/rtabmap/goal_out,/rtabmap/goal_reached,/rtabmap/grid_prob_map,/rtabmap/info,/rtabmap/labels,/rtabmap/local_path,/rtabmap/localization_pose,/rtabmap/mapData,/rtabmap/mapGraph,/rtabmap/mapPath,/rtabmap/move_base/cancel,/rtabmap/move_base/goal,/rtabmap/octomap_binary,/rtabmap/octomap_empty_space,/rtabmap/octomap_full,/rtabmap/octomap_grid,/rtabmap/octomap_ground,/rtabmap/octomap_obstacles,/rtabmap/octomap_occupied_space,/rtabmap/proj_map,/rtabmap/scan_map,/tf";"/tmp/binarydeb/ros-kinetic-rtabmap-ros-0.17.6/src/CoreWrapper.cpp:CoreWrapper::process:1709"
"rtabmap (5): Rate=1.00s, Limit=0.000s, RTAB-Map=0.0142s, Maps update=0.0031s pub=0.0002s (local map=1, WM=1)";"2";"/rtabmap/rtabmap";"21.226000000";"/map,/rosout,/rtabmap/cloud_ground,/rtabmap/cloud_map,/rtabmap/cloud_obstacles,/rtabmap/global_path,/rtabmap/goal_out,/rtabmap/goal_reached,/rtabmap/grid_prob_map,/rtabmap/info,/rtabmap/labels,/rtabmap/local_path,/rtabmap/localization_pose,/rtabmap/mapData,/rtabmap/mapGraph,/rtabmap/mapPath,/rtabmap/move_base/cancel,/rtabmap/move_base/goal,/rtabmap/octomap_binary,/rtabmap/octomap_empty_space,/rtabmap/octomap_full,/rtabmap/octomap_grid,/rtabmap/octomap_ground,/rtabmap/octomap_obstacles,/rtabmap/octomap_occupied_space,/rtabmap/proj_map,/rtabmap/scan_map,/tf";"/tmp/binarydeb/ros-kinetic-rtabmap-ros-0.17.6/src/CoreWrapper.cpp:CoreWrapper::process:1709"
"rtabmap (4): Rate=1.00s, Limit=0.000s, RTAB-Map=0.0144s, Maps update=0.0001s pub=0.0002s (local map=1, WM=1)";"2";"/rtabmap/rtabmap";"20.206000000";"/map,/rosout,/rtabmap/cloud_ground,/rtabmap/cloud_map,/rtabmap/cloud_obstacles,/rtabmap/global_path,/rtabmap/goal_out,/rtabmap/goal_reached,/rtabmap/grid_prob_map,/rtabmap/info,/rtabmap/labels,/rtabmap/local_path,/rtabmap/localization_pose,/rtabmap/mapData,/rtabmap/mapGraph,/rtabmap/mapPath,/rtabmap/move_base/cancel,/rtabmap/move_base/goal,/rtabmap/octomap_binary,/rtabmap/octomap_empty_space,/rtabmap/octomap_full,/rtabmap/octomap_grid,/rtabmap/octomap_ground,/rtabmap/octomap_obstacles,/rtabmap/octomap_occupied_space,/rtabmap/proj_map,/rtabmap/scan_map,/tf";"/tmp/binarydeb/ros-kinetic-rtabmap-ros-0.17.6/src/CoreWrapper.cpp:CoreWrapper::process:1709"
"Creating 1 swatches";"2";"/rviz";"19.314000000";"/initialpose,/move_base_simple/goal,/rosout";"/tmp/binarydeb/ros-kinetic-rviz-1.12.16/src/rviz/default_plugin/map_display.cpp:MapDisplay::createSwatches:604"
"rtabmap (3): Rate=1.00s, Limit=0.000s, RTAB-Map=0.0171s, Maps update=0.0005s pub=0.0002s (local map=1, WM=1)";"2";"/rtabmap/rtabmap";"19.198000000";"/map,/rosout,/rtabmap/cloud_ground,/rtabmap/cloud_map,/rtabmap/cloud_obstacles,/rtabmap/global_path,/rtabmap/goal_out,/rtabmap/goal_reached,/rtabmap/grid_prob_map,/rtabmap/info,/rtabmap/labels,/rtabmap/local_path,/rtabmap/localization_pose,/rtabmap/mapData,/rtabmap/mapGraph,/rtabmap/mapPath,/rtabmap/move_base/cancel,/rtabmap/move_base/goal,/rtabmap/octomap_binary,/rtabmap/octomap_empty_space,/rtabmap/octomap_full,/rtabmap/octomap_grid,/rtabmap/octomap_ground,/rtabmap/octomap_obstacles,/rtabmap/octomap_occupied_space,/rtabmap/proj_map,/rtabmap/scan_map,/tf";"/tmp/binarydeb/ros-kinetic-rtabmap-ros-0.17.6/src/CoreWrapper.cpp:CoreWrapper::process:1709"
"OpenGl version: 4.5 (GLSL 4.5).";"2";"/rviz";"18.348000000";"/rosout";"/tmp/binarydeb/ros-kinetic-rviz-1.12.16/src/rviz/ogre_helpers/render_system.cpp:RenderSystem::detectGlVersion:211"
"Stereo is NOT SUPPORTED";"2";"/rviz";"18.348000000";"/rosout";"/tmp/binarydeb/ros-kinetic-rviz-1.12.16/src/rviz/ogre_helpers/render_system.cpp:RenderWindow* rviz::RenderSystem::makeRenderWindow:430"
"rtabmap (2): Rate=1.00s, Limit=0.000s, RTAB-Map=0.0137s, Maps update=0.0001s pub=0.0001s (local map=1, WM=1)";"2";"/rtabmap/rtabmap";"18.143000000";"/map,/rosout,/rtabmap/cloud_ground,/rtabmap/cloud_map,/rtabmap/cloud_obstacles,/rtabmap/global_path,/rtabmap/goal_out,/rtabmap/goal_reached,/rtabmap/grid_prob_map,/rtabmap/info,/rtabmap/labels,/rtabmap/local_path,/rtabmap/localization_pose,/rtabmap/mapData,/rtabmap/mapGraph,/rtabmap/mapPath,/rtabmap/move_base/cancel,/rtabmap/move_base/goal,/rtabmap/octomap_binary,/rtabmap/octomap_empty_space,/rtabmap/octomap_full,/rtabmap/octomap_grid,/rtabmap/octomap_ground,/rtabmap/octomap_obstacles,/rtabmap/octomap_occupied_space,/rtabmap/proj_map,/rtabmap/scan_map,/tf";"/tmp/binarydeb/ros-kinetic-rtabmap-ros-0.17.6/src/CoreWrapper.cpp:CoreWrapper::process:1709"
"rtabmap (1): Rate=1.00s, Limit=0.000s, RTAB-Map=0.0186s, Maps update=0.0003s pub=0.0002s (local map=1, WM=1)";"2";"/rtabmap/rtabmap";"17.174000000";"/map,/rosout,/rtabmap/cloud_ground,/rtabmap/cloud_map,/rtabmap/cloud_obstacles,/rtabmap/global_path,/rtabmap/goal_out,/rtabmap/goal_reached,/rtabmap/grid_prob_map,/rtabmap/info,/rtabmap/labels,/rtabmap/local_path,/rtabmap/localization_pose,/rtabmap/mapData,/rtabmap/mapGraph,/rtabmap/mapPath,/rtabmap/move_base/cancel,/rtabmap/move_base/goal,/rtabmap/octomap_binary,/rtabmap/octomap_empty_space,/rtabmap/octomap_full,/rtabmap/octomap_grid,/rtabmap/octomap_ground,/rtabmap/octomap_obstacles,/rtabmap/octomap_occupied_space,/rtabmap/proj_map,/rtabmap/scan_map,/tf";"/tmp/binarydeb/ros-kinetic-rtabmap-ros-0.17.6/src/CoreWrapper.cpp:CoreWrapper::process:1709"
"rtabmap 0.17.6 started...";"2";"/rtabmap/rtabmap";"16.896000000";"/map,/rosout,/rtabmap/cloud_ground,/rtabmap/cloud_map,/rtabmap/cloud_obstacles,/rtabmap/global_path,/rtabmap/goal_out,/rtabmap/goal_reached,/rtabmap/grid_prob_map,/rtabmap/info,/rtabmap/labels,/rtabmap/local_path,/rtabmap/localization_pose,/rtabmap/mapData,/rtabmap/mapGraph,/rtabmap/mapPath,/rtabmap/move_base/cancel,/rtabmap/move_base/goal,/rtabmap/octomap_binary,/rtabmap/octomap_empty_space,/rtabmap/octomap_full,/rtabmap/octomap_grid,/rtabmap/octomap_ground,/rtabmap/octomap_obstacles,/rtabmap/octomap_occupied_space,/rtabmap/proj_map,/rtabmap/scan_map,/tf";"/tmp/binarydeb/ros-kinetic-rtabmap-ros-0.17.6/src/CoreNode.cpp:main:93"
"
/rtabmap/rtabmap subscribed to (approx sync):
   /camera/rgb/image_raw,
   /camera/depth/image_raw,
   /camera/rgb/camera_info,
   /scan";"2";"/rtabmap/rtabmap";"16.888000000";"/map,/rosout,/rtabmap/cloud_ground,/rtabmap/cloud_map,/rtabmap/cloud_obstacles,/rtabmap/global_path,/rtabmap/goal_out,/rtabmap/goal_reached,/rtabmap/grid_prob_map,/rtabmap/info,/rtabmap/labels,/rtabmap/local_path,/rtabmap/localization_pose,/rtabmap/mapData,/rtabmap/mapGraph,/rtabmap/mapPath,/rtabmap/move_base/cancel,/rtabmap/move_base/goal,/rtabmap/octomap_binary,/rtabmap/octomap_empty_space,/rtabmap/octomap_full,/rtabmap/octomap_grid,/rtabmap/octomap_ground,/rtabmap/octomap_obstacles,/rtabmap/octomap_occupied_space,/rtabmap/proj_map,/rtabmap/scan_map,/tf";"/tmp/binarydeb/ros-kinetic-rtabmap-ros-0.17.6/src/CommonDataSubscriber.cpp:CommonDataSubscriber::setupCallbacks:379"
"Setup depth callback";"2";"/rtabmap/rtabmap";"16.851000000";"/map,/rosout,/rtabmap/cloud_ground,/rtabmap/cloud_map,/rtabmap/cloud_obstacles,/rtabmap/global_path,/rtabmap/goal_out,/rtabmap/goal_reached,/rtabmap/grid_prob_map,/rtabmap/info,/rtabmap/labels,/rtabmap/local_path,/rtabmap/localization_pose,/rtabmap/mapData,/rtabmap/mapGraph,/rtabmap/mapPath,/rtabmap/move_base/cancel,/rtabmap/move_base/goal,/rtabmap/octomap_binary,/rtabmap/octomap_empty_space,/rtabmap/octomap_full,/rtabmap/octomap_grid,/rtabmap/octomap_ground,/rtabmap/octomap_obstacles,/rtabmap/octomap_occupied_space,/rtabmap/proj_map,/rtabmap/scan_map,/tf";"/tmp/binarydeb/ros-kinetic-rtabmap-ros-0.17.6/src/impl/CommonDataSubscriberDepth.cpp:CommonDataSubscriber::setupDepthCallbacks:339"
"/rtabmap/rtabmap: approx_sync   = true";"2";"/rtabmap/rtabmap";"16.851000000";"/map,/rosout,/rtabmap/cloud_ground,/rtabmap/cloud_map,/rtabmap/cloud_obstacles,/rtabmap/global_path,/rtabmap/goal_out,/rtabmap/goal_reached,/rtabmap/grid_prob_map,/rtabmap/info,/rtabmap/labels,/rtabmap/local_path,/rtabmap/localization_pose,/rtabmap/mapData,/rtabmap/mapGraph,/rtabmap/mapPath,/rtabmap/move_base/cancel,/rtabmap/move_base/goal,/rtabmap/octomap_binary,/rtabmap/octomap_empty_space,/rtabmap/octomap_full,/rtabmap/octomap_grid,/rtabmap/octomap_ground,/rtabmap/octomap_obstacles,/rtabmap/octomap_occupied_space,/rtabmap/proj_map,/rtabmap/scan_map,/tf";"/tmp/binarydeb/ros-kinetic-rtabmap-ros-0.17.6/src/CommonDataSubscriber.cpp:CommonDataSubscriber::setupCallbacks:295"
"/rtabmap/rtabmap: rgbd_cameras = 1";"2";"/rtabmap/rtabmap";"16.851000000";"/map,/rosout,/rtabmap/cloud_ground,/rtabmap/cloud_map,/rtabmap/cloud_obstacles,/rtabmap/global_path,/rtabmap/goal_out,/rtabmap/goal_reached,/rtabmap/grid_prob_map,/rtabmap/info,/rtabmap/labels,/rtabmap/local_path,/rtabmap/localization_pose,/rtabmap/mapData,/rtabmap/mapGraph,/rtabmap/mapPath,/rtabmap/move_base/cancel,/rtabmap/move_base/goal,/rtabmap/octomap_binary,/rtabmap/octomap_empty_space,/rtabmap/octomap_full,/rtabmap/octomap_grid,/rtabmap/octomap_ground,/rtabmap/octomap_obstacles,/rtabmap/octomap_occupied_space,/rtabmap/proj_map,/rtabmap/scan_map,/tf";"/tmp/binarydeb/ros-kinetic-rtabmap-ros-0.17.6/src/CommonDataSubscriber.cpp:CommonDataSubscriber::setupCallbacks:294"
"/rtabmap/rtabmap: queue_size    = 10";"2";"/rtabmap/rtabmap";"16.851000000";"/map,/rosout,/rtabmap/cloud_ground,/rtabmap/cloud_map,/rtabmap/cloud_obstacles,/rtabmap/global_path,/rtabmap/goal_out,/rtabmap/goal_reached,/rtabmap/grid_prob_map,/rtabmap/info,/rtabmap/labels,/rtabmap/local_path,/rtabmap/localization_pose,/rtabmap/mapData,/rtabmap/mapGraph,/rtabmap/mapPath,/rtabmap/move_base/cancel,/rtabmap/move_base/goal,/rtabmap/octomap_binary,/rtabmap/octomap_empty_space,/rtabmap/octomap_full,/rtabmap/octomap_grid,/rtabmap/octomap_ground,/rtabmap/octomap_obstacles,/rtabmap/octomap_occupied_space,/rtabmap/proj_map,/rtabmap/scan_map,/tf";"/tmp/binarydeb/ros-kinetic-rtabmap-ros-0.17.6/src/CommonDataSubscriber.cpp:CommonDataSubscriber::setupCallbacks:293"
"rtabmap: Database version = \"0.17.6\".";"2";"/rtabmap/rtabmap";"16.842000000";"/map,/rosout,/rtabmap/cloud_ground,/rtabmap/cloud_map,/rtabmap/cloud_obstacles,/rtabmap/global_path,/rtabmap/goal_out,/rtabmap/goal_reached,/rtabmap/grid_prob_map,/rtabmap/info,/rtabmap/labels,/rtabmap/local_path,/rtabmap/localization_pose,/rtabmap/mapData,/rtabmap/mapGraph,/rtabmap/mapPath,/rtabmap/move_base/cancel,/rtabmap/move_base/goal,/rtabmap/octomap_binary,/rtabmap/octomap_empty_space,/rtabmap/octomap_full,/rtabmap/octomap_grid,/rtabmap/octomap_ground,/rtabmap/octomap_obstacles,/rtabmap/octomap_occupied_space,/rtabmap/proj_map,/rtabmap/scan_map,/tf";"/tmp/binarydeb/ros-kinetic-rtabmap-ros-0.17.6/src/CoreWrapper.cpp:CoreWrapper::onInit:512"
"rtabmapviz started.";"2";"/rtabmap/rtabmapviz";"16.742000000";"/rosout";"/tmp/binarydeb/ros-kinetic-rtabmap-ros-0.17.6/src/GuiNode.cpp:main:71"
"
/rtabmap/rtabmapviz subscribed to (approx sync):
   /odom,
   /camera/rgb/image_raw,
   /camera/depth/image_raw,
   /camera/rgb/camera_info,
   /scan";"2";"/rtabmap/rtabmapviz";"16.742000000";"/rosout";"/tmp/binarydeb/ros-kinetic-rtabmap-ros-0.17.6/src/CommonDataSubscriber.cpp:CommonDataSubscriber::setupCallbacks:379"
"Setup depth callback";"2";"/rtabmap/rtabmapviz";"16.673000000";"/rosout";"/tmp/binarydeb/ros-kinetic-rtabmap-ros-0.17.6/src/impl/CommonDataSubscriberDepth.cpp:CommonDataSubscriber::setupDepthCallbacks:339"
"/rtabmap/rtabmapviz: approx_sync   = true";"2";"/rtabmap/rtabmapviz";"16.673000000";"/rosout";"/tmp/binarydeb/ros-kinetic-rtabmap-ros-0.17.6/src/CommonDataSubscriber.cpp:CommonDataSubscriber::setupCallbacks:295"
"/rtabmap/rtabmapviz: rgbd_cameras = 1";"2";"/rtabmap/rtabmapviz";"16.673000000";"/rosout";"/tmp/binarydeb/ros-kinetic-rtabmap-ros-0.17.6/src/CommonDataSubscriber.cpp:CommonDataSubscriber::setupCallbacks:294"
"/rtabmap/rtabmapviz: queue_size    = 10";"2";"/rtabmap/rtabmapviz";"16.673000000";"/rosout";"/tmp/binarydeb/ros-kinetic-rtabmap-ros-0.17.6/src/CommonDataSubscriber.cpp:CommonDataSubscriber::setupCallbacks:293"
"rtabmap: Using database from \"/home/makemedie/.ros/rtabmap.db\" (0 MB).";"2";"/rtabmap/rtabmap";"16.636000000";"/map,/rosout,/rtabmap/cloud_ground,/rtabmap/cloud_map,/rtabmap/cloud_obstacles,/rtabmap/global_path,/rtabmap/goal_out,/rtabmap/goal_reached,/rtabmap/grid_prob_map,/rtabmap/info,/rtabmap/labels,/rtabmap/local_path,/rtabmap/localization_pose,/rtabmap/mapData,/rtabmap/mapGraph,/rtabmap/mapPath,/rtabmap/move_base/cancel,/rtabmap/move_base/goal,/rtabmap/octomap_binary,/rtabmap/octomap_empty_space,/rtabmap/octomap_full,/rtabmap/octomap_grid,/rtabmap/octomap_ground,/rtabmap/octomap_obstacles,/rtabmap/octomap_occupied_space,/rtabmap/proj_map,/rtabmap/scan_map,/tf";"/tmp/binarydeb/ros-kinetic-rtabmap-ros-0.17.6/src/CoreWrapper.cpp:CoreWrapper::onInit:487"
"rtabmap: Deleted database \"/home/makemedie/.ros/rtabmap.db\" (--delete_db_on_start or -d are set).";"2";"/rtabmap/rtabmap";"16.636000000";"/map,/rosout,/rtabmap/cloud_ground,/rtabmap/cloud_map,/rtabmap/cloud_obstacles,/rtabmap/global_path,/rtabmap/goal_out,/rtabmap/goal_reached,/rtabmap/grid_prob_map,/rtabmap/info,/rtabmap/labels,/rtabmap/local_path,/rtabmap/localization_pose,/rtabmap/mapData,/rtabmap/mapGraph,/rtabmap/mapPath,/rtabmap/move_base/cancel,/rtabmap/move_base/goal,/rtabmap/octomap_binary,/rtabmap/octomap_empty_space,/rtabmap/octomap_full,/rtabmap/octomap_grid,/rtabmap/octomap_ground,/rtabmap/octomap_obstacles,/rtabmap/octomap_occupied_space,/rtabmap/proj_map,/rtabmap/scan_map,/tf";"/tmp/binarydeb/ros-kinetic-rtabmap-ros-0.17.6/src/CoreWrapper.cpp:CoreWrapper::onInit:481"
"RTAB-Map detection rate = 1.000000 Hz";"2";"/rtabmap/rtabmap";"16.636000000";"/map,/rosout,/rtabmap/cloud_ground,/rtabmap/cloud_map,/rtabmap/cloud_obstacles,/rtabmap/global_path,/rtabmap/goal_out,/rtabmap/goal_reached,/rtabmap/grid_prob_map,/rtabmap/info,/rtabmap/labels,/rtabmap/local_path,/rtabmap/localization_pose,/rtabmap/mapData,/rtabmap/mapGraph,/rtabmap/mapPath,/rtabmap/move_base/cancel,/rtabmap/move_base/goal,/rtabmap/octomap_binary,/rtabmap/octomap_empty_space,/rtabmap/octomap_full,/rtabmap/octomap_grid,/rtabmap/octomap_ground,/rtabmap/octomap_obstacles,/rtabmap/octomap_occupied_space,/rtabmap/proj_map,/rtabmap/scan_map,/tf";"/tmp/binarydeb/ros-kinetic-rtabmap-ros-0.17.6/src/CoreWrapper.cpp:CoreWrapper::onInit:453"
"Parameters read = 0";"2";"/rtabmap/rtabmapviz";"16.406000000";"/rosout";"/tmp/binarydeb/ros-kinetic-rtabmap-ros-0.17.6/src/PreferencesDialogROS.cpp:readCoreSettings:125"
"Setting \"Grid/RangeMax\" parameter to 0 (default 5.000000) as \"subscribe_scan\" or \"subscribe_scan_cloud\" is true.";"2";"/rtabmap/rtabmap";"16.311000000";"/map,/rosout,/rtabmap/cloud_ground,/rtabmap/cloud_map,/rtabmap/cloud_obstacles,/rtabmap/global_path,/rtabmap/goal_out,/rtabmap/goal_reached,/rtabmap/grid_prob_map,/rtabmap/info,/rtabmap/labels,/rtabmap/local_path,/rtabmap/localization_pose,/rtabmap/mapData,/rtabmap/mapGraph,/rtabmap/mapPath,/rtabmap/move_base/cancel,/rtabmap/move_base/goal,/rtabmap/octomap_binary,/rtabmap/octomap_empty_space,/rtabmap/octomap_full,/rtabmap/octomap_grid,/rtabmap/octomap_ground,/rtabmap/octomap_obstacles,/rtabmap/octomap_occupied_space,/rtabmap/proj_map,/rtabmap/scan_map,/tf";"/tmp/binarydeb/ros-kinetic-rtabmap-ros-0.17.6/src/CoreWrapper.cpp:CoreWrapper::onInit:377"
"Reading parameters from the ROS server...";"2";"/rtabmap/rtabmapviz";"16.014000000";"/rosout";"/tmp/binarydeb/ros-kinetic-rtabmap-ros-0.17.6/src/PreferencesDialogROS.cpp:readCoreSettings:87"
"Setting RTAB-Map parameter \"Vis/MinInliers\"=\"15\"";"2";"/rtabmap/rtabmap";"15.879000000";"/map,/rosout,/rtabmap/cloud_ground,/rtabmap/cloud_map,/rtabmap/cloud_obstacles,/rtabmap/global_path,/rtabmap/goal_out,/rtabmap/goal_reached,/rtabmap/grid_prob_map,/rtabmap/info,/rtabmap/labels,/rtabmap/local_path,/rtabmap/localization_pose,/rtabmap/mapData,/rtabmap/mapGraph,/rtabmap/mapPath,/rtabmap/move_base/cancel,/rtabmap/move_base/goal,/rtabmap/octomap_binary,/rtabmap/octomap_empty_space,/rtabmap/octomap_full,/rtabmap/octomap_grid,/rtabmap/octomap_ground,/rtabmap/octomap_obstacles,/rtabmap/octomap_occupied_space,/rtabmap/proj_map,/rtabmap/scan_map,/tf";"/tmp/binarydeb/ros-kinetic-rtabmap-ros-0.17.6/src/CoreWrapper.cpp:CoreWrapper::onInit:255"
"Setting RTAB-Map parameter \"Vis/FeatureType\"=\"4\"";"2";"/rtabmap/rtabmap";"15.853000000";"/map,/rosout,/rtabmap/cloud_ground,/rtabmap/cloud_map,/rtabmap/cloud_obstacles,/rtabmap/global_path,/rtabmap/goal_out,/rtabmap/goal_reached,/rtabmap/grid_prob_map,/rtabmap/info,/rtabmap/labels,/rtabmap/local_path,/rtabmap/localization_pose,/rtabmap/mapData,/rtabmap/mapGraph,/rtabmap/mapPath,/rtabmap/move_base/cancel,/rtabmap/move_base/goal,/rtabmap/octomap_binary,/rtabmap/octomap_empty_space,/rtabmap/octomap_full,/rtabmap/octomap_grid,/rtabmap/octomap_ground,/rtabmap/octomap_obstacles,/rtabmap/octomap_occupied_space,/rtabmap/proj_map,/rtabmap/scan_map,/tf";"/tmp/binarydeb/ros-kinetic-rtabmap-ros-0.17.6/src/CoreWrapper.cpp:CoreWrapper::onInit:255"
"Setting RTAB-Map parameter \"SURF/HessianThreshold\"=\"100\"";"2";"/rtabmap/rtabmap";"15.781000000";"/map,/rosout,/rtabmap/cloud_ground,/rtabmap/cloud_map,/rtabmap/cloud_obstacles,/rtabmap/global_path,/rtabmap/goal_out,/rtabmap/goal_reached,/rtabmap/grid_prob_map,/rtabmap/info,/rtabmap/labels,/rtabmap/local_path,/rtabmap/localization_pose,/rtabmap/mapData,/rtabmap/mapGraph,/rtabmap/mapPath,/rtabmap/move_base/cancel,/rtabmap/move_base/goal,/rtabmap/octomap_binary,/rtabmap/octomap_empty_space,/rtabmap/octomap_full,/rtabmap/octomap_grid,/rtabmap/octomap_ground,/rtabmap/octomap_obstacles,/rtabmap/octomap_occupied_space,/rtabmap/proj_map,/rtabmap/scan_map,/tf";"/tmp/binarydeb/ros-kinetic-rtabmap-ros-0.17.6/src/CoreWrapper.cpp:CoreWrapper::onInit:255"
"Setting RTAB-Map parameter \"Rtabmap/DetectionRate\"=\"1\"";"2";"/rtabmap/rtabmap";"15.706000000";"/map,/rosout,/rtabmap/cloud_ground,/rtabmap/cloud_map,/rtabmap/cloud_obstacles,/rtabmap/global_path,/rtabmap/goal_out,/rtabmap/goal_reached,/rtabmap/grid_prob_map,/rtabmap/info,/rtabmap/labels,/rtabmap/local_path,/rtabmap/localization_pose,/rtabmap/mapData,/rtabmap/mapGraph,/rtabmap/mapPath,/rtabmap/move_base/cancel,/rtabmap/move_base/goal,/rtabmap/octomap_binary,/rtabmap/octomap_empty_space,/rtabmap/octomap_full,/rtabmap/octomap_grid,/rtabmap/octomap_ground,/rtabmap/octomap_obstacles,/rtabmap/octomap_occupied_space,/rtabmap/proj_map,/rtabmap/scan_map,/tf";"/tmp/binarydeb/ros-kinetic-rtabmap-ros-0.17.6/src/CoreWrapper.cpp:CoreWrapper::onInit:255"
"Setting RTAB-Map parameter \"Reg/Strategy\"=\"0\"";"2";"/rtabmap/rtabmap";"15.697000000";"/map,/rosout,/rtabmap/cloud_ground,/rtabmap/cloud_map,/rtabmap/cloud_obstacles,/rtabmap/global_path,/rtabmap/goal_out,/rtabmap/goal_reached,/rtabmap/grid_prob_map,/rtabmap/info,/rtabmap/labels,/rtabmap/local_path,/rtabmap/localization_pose,/rtabmap/mapData,/rtabmap/mapGraph,/rtabmap/mapPath,/rtabmap/move_base/cancel,/rtabmap/move_base/goal,/rtabmap/octomap_binary,/rtabmap/octomap_empty_space,/rtabmap/octomap_full,/rtabmap/octomap_grid,/rtabmap/octomap_ground,/rtabmap/octomap_obstacles,/rtabmap/octomap_occupied_space,/rtabmap/proj_map,/rtabmap/scan_map,/tf";"/tmp/binarydeb/ros-kinetic-rtabmap-ros-0.17.6/src/CoreWrapper.cpp:CoreWrapper::onInit:255"
"Setting RTAB-Map parameter \"Reg/Force3DoF\"=\"true\"";"2";"/rtabmap/rtabmap";"15.690000000";"/map,/rosout,/rtabmap/cloud_ground,/rtabmap/cloud_map,/rtabmap/cloud_obstacles,/rtabmap/global_path,/rtabmap/goal_out,/rtabmap/goal_reached,/rtabmap/grid_prob_map,/rtabmap/info,/rtabmap/labels,/rtabmap/local_path,/rtabmap/localization_pose,/rtabmap/mapData,/rtabmap/mapGraph,/rtabmap/mapPath,/rtabmap/move_base/cancel,/rtabmap/move_base/goal,/rtabmap/octomap_binary,/rtabmap/octomap_empty_space,/rtabmap/octomap_full,/rtabmap/octomap_grid,/rtabmap/octomap_ground,/rtabmap/octomap_obstacles,/rtabmap/octomap_occupied_space,/rtabmap/proj_map,/rtabmap/scan_map,/tf";"/tmp/binarydeb/ros-kinetic-rtabmap-ros-0.17.6/src/CoreWrapper.cpp:CoreWrapper::onInit:255"
"Setting RTAB-Map parameter \"Mem/NotLinkedNodesKept\"=\"false\"";"2";"/rtabmap/rtabmap";"15.270000000";"/map,/rosout,/rtabmap/cloud_ground,/rtabmap/cloud_map,/rtabmap/cloud_obstacles,/rtabmap/global_path,/rtabmap/goal_out,/rtabmap/goal_reached,/rtabmap/grid_prob_map,/rtabmap/info,/rtabmap/labels,/rtabmap/local_path,/rtabmap/localization_pose,/rtabmap/mapData,/rtabmap/mapGraph,/rtabmap/mapPath,/rtabmap/move_base/cancel,/rtabmap/move_base/goal,/rtabmap/octomap_binary,/rtabmap/octomap_empty_space,/rtabmap/octomap_full,/rtabmap/octomap_grid,/rtabmap/octomap_ground,/rtabmap/octomap_obstacles,/rtabmap/octomap_occupied_space,/rtabmap/proj_map,/rtabmap/scan_map,/tf";"/tmp/binarydeb/ros-kinetic-rtabmap-ros-0.17.6/src/CoreWrapper.cpp:CoreWrapper::onInit:255"
"Setting RTAB-Map parameter \"Kp/MaxFeatures\"=\"400\"";"2";"/rtabmap/rtabmap";"15.222000000";"/map,/rosout,/rtabmap/cloud_ground,/rtabmap/cloud_map,/rtabmap/cloud_obstacles,/rtabmap/global_path,/rtabmap/goal_out,/rtabmap/goal_reached,/rtabmap/grid_prob_map,/rtabmap/info,/rtabmap/labels,/rtabmap/local_path,/rtabmap/localization_pose,/rtabmap/mapData,/rtabmap/mapGraph,/rtabmap/mapPath,/rtabmap/move_base/cancel,/rtabmap/move_base/goal,/rtabmap/octomap_binary,/rtabmap/octomap_empty_space,/rtabmap/octomap_full,/rtabmap/octomap_grid,/rtabmap/octomap_ground,/rtabmap/octomap_obstacles,/rtabmap/octomap_occupied_space,/rtabmap/proj_map,/rtabmap/scan_map,/tf";"/tmp/binarydeb/ros-kinetic-rtabmap-ros-0.17.6/src/CoreWrapper.cpp:CoreWrapper::onInit:255"
"Setting RTAB-Map parameter \"Kp/DetectorStrategy\"=\"4\"";"2";"/rtabmap/rtabmap";"15.209000000";"/map,/rosout,/rtabmap/cloud_ground,/rtabmap/cloud_map,/rtabmap/cloud_obstacles,/rtabmap/global_path,/rtabmap/goal_out,/rtabmap/goal_reached,/rtabmap/grid_prob_map,/rtabmap/info,/rtabmap/labels,/rtabmap/local_path,/rtabmap/localization_pose,/rtabmap/mapData,/rtabmap/mapGraph,/rtabmap/mapPath,/rtabmap/move_base/cancel,/rtabmap/move_base/goal,/rtabmap/octomap_binary,/rtabmap/octomap_empty_space,/rtabmap/octomap_full,/rtabmap/octomap_grid,/rtabmap/octomap_ground,/rtabmap/octomap_obstacles,/rtabmap/octomap_occupied_space,/rtabmap/proj_map,/rtabmap/scan_map,/tf";"/tmp/binarydeb/ros-kinetic-rtabmap-ros-0.17.6/src/CoreWrapper.cpp:CoreWrapper::onInit:255"
"Setting RTAB-Map parameter \"Grid/FromDepth\"=\"false\"";"2";"/rtabmap/rtabmap";"15.113000000";"/map,/rosout,/rtabmap/cloud_ground,/rtabmap/cloud_map,/rtabmap/cloud_obstacles,/rtabmap/global_path,/rtabmap/goal_out,/rtabmap/goal_reached,/rtabmap/grid_prob_map,/rtabmap/info,/rtabmap/labels,/rtabmap/local_path,/rtabmap/localization_pose,/rtabmap/mapData,/rtabmap/mapGraph,/rtabmap/mapPath,/rtabmap/move_base/cancel,/rtabmap/move_base/goal,/rtabmap/octomap_binary,/rtabmap/octomap_empty_space,/rtabmap/octomap_full,/rtabmap/octomap_grid,/rtabmap/octomap_ground,/rtabmap/octomap_obstacles,/rtabmap/octomap_occupied_space,/rtabmap/proj_map,/rtabmap/scan_map,/tf";"/tmp/binarydeb/ros-kinetic-rtabmap-ros-0.17.6/src/CoreWrapper.cpp:CoreWrapper::onInit:255"
"rtabmapviz: Using configuration from \"/opt/ros/kinetic/share/rtabmap_ros/launch/config/rgbd_gui.ini\"";"2";"/rtabmap/rtabmapviz";"0.000000000";"/rosout";"/tmp/binarydeb/ros-kinetic-rtabmap-ros-0.17.6/src/GuiWrapper.cpp:GuiWrapper::GuiWrapper:95"
"rtabmap: odom_sensor_sync   = false";"2";"/rtabmap/rtabmap";"15.026000000";"/map,/rosout,/rtabmap/cloud_ground,/rtabmap/cloud_map,/rtabmap/cloud_obstacles,/rtabmap/grid_prob_map,/rtabmap/move_base/cancel,/rtabmap/move_base/goal,/rtabmap/octomap_binary,/rtabmap/octomap_empty_space,/rtabmap/octomap_full,/rtabmap/octomap_grid,/rtabmap/octomap_ground,/rtabmap/octomap_obstacles,/rtabmap/octomap_occupied_space,/rtabmap/proj_map,/rtabmap/scan_map,/tf";"/tmp/binarydeb/ros-kinetic-rtabmap-ros-0.17.6/src/CoreWrapper.cpp:CoreWrapper::onInit:200"
"rtabmap: tf_tolerance  = 0.100000";"2";"/rtabmap/rtabmap";"15.026000000";"/map,/rosout,/rtabmap/cloud_ground,/rtabmap/cloud_map,/rtabmap/cloud_obstacles,/rtabmap/grid_prob_map,/rtabmap/move_base/cancel,/rtabmap/move_base/goal,/rtabmap/octomap_binary,/rtabmap/octomap_empty_space,/rtabmap/octomap_full,/rtabmap/octomap_grid,/rtabmap/octomap_ground,/rtabmap/octomap_obstacles,/rtabmap/octomap_occupied_space,/rtabmap/proj_map,/rtabmap/scan_map,/tf";"/tmp/binarydeb/ros-kinetic-rtabmap-ros-0.17.6/src/CoreWrapper.cpp:CoreWrapper::onInit:199"
"rtabmap: tf_delay      = 0.050000";"2";"/rtabmap/rtabmap";"15.026000000";"/map,/rosout,/rtabmap/cloud_ground,/rtabmap/cloud_map,/rtabmap/cloud_obstacles,/rtabmap/grid_prob_map,/rtabmap/move_base/cancel,/rtabmap/move_base/goal,/rtabmap/octomap_binary,/rtabmap/octomap_empty_space,/rtabmap/octomap_full,/rtabmap/octomap_grid,/rtabmap/octomap_ground,/rtabmap/octomap_obstacles,/rtabmap/octomap_occupied_space,/rtabmap/proj_map,/rtabmap/scan_map,/tf";"/tmp/binarydeb/ros-kinetic-rtabmap-ros-0.17.6/src/CoreWrapper.cpp:CoreWrapper::onInit:198"
"rtabmap: map_frame_id  = map";"2";"/rtabmap/rtabmap";"15.026000000";"/map,/rosout,/rtabmap/cloud_ground,/rtabmap/cloud_map,/rtabmap/cloud_obstacles,/rtabmap/grid_prob_map,/rtabmap/move_base/cancel,/rtabmap/move_base/goal,/rtabmap/octomap_binary,/rtabmap/octomap_empty_space,/rtabmap/octomap_full,/rtabmap/octomap_grid,/rtabmap/octomap_ground,/rtabmap/octomap_obstacles,/rtabmap/octomap_occupied_space,/rtabmap/proj_map,/rtabmap/scan_map,/tf";"/tmp/binarydeb/ros-kinetic-rtabmap-ros-0.17.6/src/CoreWrapper.cpp:CoreWrapper::onInit:197"
"rtabmap: odom_frame_id = odom";"2";"/rtabmap/rtabmap";"15.026000000";"/map,/rosout,/rtabmap/cloud_ground,/rtabmap/cloud_map,/rtabmap/cloud_obstacles,/rtabmap/grid_prob_map,/rtabmap/move_base/cancel,/rtabmap/move_base/goal,/rtabmap/octomap_binary,/rtabmap/octomap_empty_space,/rtabmap/octomap_full,/rtabmap/octomap_grid,/rtabmap/octomap_ground,/rtabmap/octomap_obstacles,/rtabmap/octomap_occupied_space,/rtabmap/proj_map,/rtabmap/scan_map,/tf";"/tmp/binarydeb/ros-kinetic-rtabmap-ros-0.17.6/src/CoreWrapper.cpp:CoreWrapper::onInit:189"
"rtabmap: frame_id      = robot_footprint";"2";"/rtabmap/rtabmap";"15.026000000";"/map,/rosout,/rtabmap/cloud_ground,/rtabmap/cloud_map,/rtabmap/cloud_obstacles,/rtabmap/grid_prob_map,/rtabmap/move_base/cancel,/rtabmap/move_base/goal,/rtabmap/octomap_binary,/rtabmap/octomap_empty_space,/rtabmap/octomap_full,/rtabmap/octomap_grid,/rtabmap/octomap_ground,/rtabmap/octomap_obstacles,/rtabmap/octomap_occupied_space,/rtabmap/proj_map,/rtabmap/scan_map,/tf";"/tmp/binarydeb/ros-kinetic-rtabmap-ros-0.17.6/src/CoreWrapper.cpp:CoreWrapper::onInit:186"
"/rtabmap/rtabmap(maps): octomap_tree_depth         = 16";"2";"/rtabmap/rtabmap";"14.995000000";"/rosout,/rtabmap/move_base/cancel,/rtabmap/move_base/goal,/tf";"/tmp/binarydeb/ros-kinetic-rtabmap-ros-0.17.6/src/MapsManager.cpp:init:121"
"/rtabmap/rtabmap(maps): cloud_subtract_filtering_min_neighbors = 2";"2";"/rtabmap/rtabmap";"14.992000000";"/rosout,/rtabmap/move_base/cancel,/rtabmap/move_base/goal,/tf";"/tmp/binarydeb/ros-kinetic-rtabmap-ros-0.17.6/src/MapsManager.cpp:init:105"
"/rtabmap/rtabmap(maps): cloud_subtract_filtering   = false";"2";"/rtabmap/rtabmap";"14.992000000";"/rosout,/rtabmap/move_base/cancel,/rtabmap/move_base/goal,/tf";"/tmp/binarydeb/ros-kinetic-rtabmap-ros-0.17.6/src/MapsManager.cpp:init:104"
"/rtabmap/rtabmap(maps): cloud_output_voxelized     = true";"2";"/rtabmap/rtabmap";"14.992000000";"/rosout,/rtabmap/move_base/cancel,/rtabmap/move_base/goal,/tf";"/tmp/binarydeb/ros-kinetic-rtabmap-ros-0.17.6/src/MapsManager.cpp:init:103"
"/rtabmap/rtabmap(maps): map_negative_scan_ray_tracing = true";"2";"/rtabmap/rtabmap";"14.992000000";"/rosout,/rtabmap/move_base/cancel,/rtabmap/move_base/goal,/tf";"/tmp/binarydeb/ros-kinetic-rtabmap-ros-0.17.6/src/MapsManager.cpp:init:102"
"/rtabmap/rtabmap(maps): map_negative_poses_ignored = true";"2";"/rtabmap/rtabmap";"14.992000000";"/rosout,/rtabmap/move_base/cancel,/rtabmap/move_base/goal,/tf";"/tmp/binarydeb/ros-kinetic-rtabmap-ros-0.17.6/src/MapsManager.cpp:init:101"
"/rtabmap/rtabmap(maps): map_cleanup                = true";"2";"/rtabmap/rtabmap";"14.992000000";"/rosout,/rtabmap/move_base/cancel,/rtabmap/move_base/goal,/tf";"/tmp/binarydeb/ros-kinetic-rtabmap-ros-0.17.6/src/MapsManager.cpp:init:100"
"/rtabmap/rtabmap(maps): map_filter_angle           = 30.000000";"2";"/rtabmap/rtabmap";"14.992000000";"/rosout,/rtabmap/move_base/cancel,/rtabmap/move_base/goal,/tf";"/tmp/binarydeb/ros-kinetic-rtabmap-ros-0.17.6/src/MapsManager.cpp:init:99"
"/rtabmap/rtabmap(maps): map_filter_radius          = 0.000000";"2";"/rtabmap/rtabmap";"14.992000000";"/rosout,/rtabmap/move_base/cancel,/rtabmap/move_base/goal,/tf";"/tmp/binarydeb/ros-kinetic-rtabmap-ros-0.17.6/src/MapsManager.cpp:init:98"
"Initializing nodelet with 4 worker threads.";"2";"/rtabmap/rtabmap";"0.000000000";"/rosout";"/tmp/binarydeb/ros-kinetic-nodelet-1.9.14/src/loader.cpp:Loader::Impl::advertiseRosApi:233"
